First Name,Last Name,Email,User ID
Mark,Johnson,mark.johnson@example.com,1787846414
Denise,Walker,denise.walker@example.com,3563451924
Noah,Rhodes,noah.rhodes@example.com,5537253172
Stephanie,Miller,stephanie.miller@example.com,5298312065
Javier,Johnson,javier.johnson@example.com,3652062880
Daniel,Wagner,daniel.wagner@example.com,5325316860
Alexander,Gonzalez,alexander.gonzalez@example.com,3253890010
Marie,Gardner,marie.gardner@example.com,5495394815
Daniel,Lawrence,daniel.lawrence@example.com,5684118973
Rhonda,Smith,rhonda.smith@example.com,2934879560
Robert,Wolfe,robert.wolfe@example.com,6950318585
Gerald,Moore,gerald.moore@example.com,1991681409
Tina,Rogers,tina.rogers@example.com,4578544903
Brandon,Davis,brandon.davis@example.com,6974559824
Ryan,Munoz,ryan.munoz@example.com,7120997885
Renee,Blair,renee.blair@example.com,7733221635
Joshua,Dudley,joshua.dudley@example.com,7226646571
Jamie,Arnold,jamie.arnold@example.com,9274936803
Sandra,Montgomery,sandra.montgomery@example.com,5128202429
Scott,Ray,scott.ray@example.com,7612927342
Michele,Williams,michele.williams@example.com,9440707288
Darren,Roberts,darren.roberts@example.com,2272485020
Angela,Hall,angela.hall@example.com,1067157848
Ashlee,Ramirez,ashlee.ramirez@example.com,4055190407
Madison,Diaz,madison.diaz@example.com,3602578298
Jacob,Clark,jacob.clark@example.com,4929721883
Debra,Zuniga,debra.zuniga@example.com,5704750624
Matthew,Lynch,matthew.lynch@example.com,2644658402
Christopher,Daniel,christopher.daniel@example.com,8941024386
Carla,Gray,carla.gray@example.com,6308514806
Wanda,Bowman,wanda.bowman@example.com,9763595546
Kristin,Cohen,kristin.cohen@example.com,7181903227
Ryan,Parsons,ryan.parsons@example.com,5893391332
Daryl,Johnson,daryl.johnson@example.com,3318599822
Emily,Adams,emily.adams@example.com,9076547867
Christine,Hahn,christine.hahn@example.com,2269737021
Sherri,Edwards,sherri.edwards@example.com,7255768347
Mary,Foster,mary.foster@example.com,9088627133
Suzanne,Ellis,suzanne.ellis@example.com,5819331062
Deborah,Wright,deborah.wright@example.com,2168799104
Justin,Baker,justin.baker@example.com,5297202296
Lauren,Hurst,lauren.hurst@example.com,2309025538
James,Robinson,james.robinson@example.com,3082328893
Zachary,Hicks,zachary.hicks@example.com,6234552479
Ann,Williams,ann.williams@example.com,2734463155
Brian,Burton,brian.burton@example.com,2090558393
Rebecca,Henderson,rebecca.henderson@example.com,8285571366
Arthur,James,arthur.james@example.com,1636028516
Zachary,Rice,zachary.rice@example.com,2145815738
Tricia,Valencia,tricia.valencia@example.com,7060357851
